{
  "project_name": "Snake Game",
  "general_manual": {
    "goal": "Create a web-based snake game with a database to save player scores and high scores",
    "modules": [
      {
        "id": "game_logic",
        "name": "Game Logic",
        "description": "Define game rules, player controls, and game over conditions",
        "inputs": "game requirements",
        "outputs": "Game logic plan",
        "dependencies": [],
        "rules": "Keep logic simple and easy to understand. Define player controls, game over conditions, and game rules.",
        "shared_state_reads": [],
        "shared_state_writes": [
          "game_rules",
          "player_controls"
        ]
      },
      {
        "id": "game_visuals",
        "name": "Game Visuals",
        "description": "Design the game's visual elements, including the snake, food, and game board",
        "inputs": "game logic",
        "outputs": "Visual design plan",
        "dependencies": [
          "game_logic"
        ],
        "rules": "Design simple and clean visuals. Use CSS to style the game elements. May suggest a CDN for game fonts or icons.",
        "shared_state_reads": [
          "game_rules",
          "player_controls"
        ],
        "shared_state_writes": [
          "visual_elements"
        ]
      },
      {
        "id": "database_setup",
        "name": "Database Setup",
        "description": "Set up a database to store player scores and high scores",
        "inputs": "functional requirements",
        "outputs": "Database schema and connection plan",
        "dependencies": [],
        "rules": "Propose a simple SQLite or PostgreSQL database. List dependencies in requirements.txt (e.g. SQLAlchemy).",
        "shared_state_reads": [],
        "shared_state_writes": [
          "db_schema",
          "db_connection"
        ]
      },
      {
        "id": "database_interaction",
        "name": "Database Interaction",
        "description": "Define functions to save player scores and retrieve high scores",
        "inputs": "database setup",
        "outputs": "Database interaction plan",
        "dependencies": [
          "database_setup"
        ],
        "rules": "Define functions to save player scores and retrieve high scores. Keep interaction simple and efficient.",
        "shared_state_reads": [
          "db_schema",
          "db_connection"
        ],
        "shared_state_writes": [
          "save_score",
          "get_high_scores"
        ]
      },
      {
        "id": "game_controller",
        "name": "Game Controller",
        "description": "Combine game logic, visuals, and database interaction to create the game controller",
        "inputs": [
          "game_logic",
          "game_visuals",
          "database_interaction"
        ],
        "outputs": "Game controller plan",
        "dependencies": [
          "game_logic",
          "game_visuals",
          "database_interaction"
        ],
        "rules": "Combine game logic, visuals, and database interaction to create the game controller. Keep the controller simple and efficient.",
        "shared_state_reads": [
          "game_rules",
          "player_controls",
          "visual_elements",
          "save_score",
          "get_high_scores"
        ],
        "shared_state_writes": []
      }
    ],
    "integration_rules": "Combine all modules ensuring consistent shared_state keys. Use CDNs in visual suggestions and requirements.txt for database dependencies."
  },
  "specific_manuals": [
    {
      "module_id": "game_logic",
      "manual_text": "Define the game rules, player controls, and game over conditions. For example, the snake can move up, down, left, and right using arrow keys. The game ends when the snake hits the border or itself. The player's score increases with each piece of food consumed."
    },
    {
      "module_id": "game_visuals",
      "manual_text": "Design the game's visual elements, including the snake, food, and game board. Use CSS to style the game elements. For example, the snake can be represented by a series of squares, and the food can be represented by a circle. Use a CDN for game fonts or icons if necessary."
    },
    {
      "module_id": "database_setup",
      "manual_text": "Set up a database to store player scores and high scores. Define the database schema, including tables for players and scores. Use SQLAlchemy to interact with the database. List dependencies in requirements.txt."
    },
    {
      "module_id": "database_interaction",
      "manual_text": "Define functions to save player scores and retrieve high scores. For example, save_score function should take the player's score as an argument and insert it into the database. The get_high_scores function should retrieve the top scores from the database."
    },
    {
      "module_id": "game_controller",
      "manual_text": "Combine game logic, visuals, and database interaction to create the game controller. For example, the game controller should update the game state based on player input, render the game visuals, and call the save_score function when the player consumes food."
    }
  ]
}